2, Matrix => Vector, Factor, Value, 247
2, Matrix => Vector, Value, Matrix, 5
2, Log => LOG:LPAREN:Expr:COMMA:Expr:RPAREN, Factor, Value, 32
2, Expr => Expr:PLUS:Term, Log, Expr, 1
2, Expr => Expr:PLUS:Term, Exp, Expr, 6
2, Expr => Expr:PLUS:Term, Vector, Expr, 28
2, Expr => Expr:PLUS:Term, Vector, Vector, 56
2, Expr => Expr:PLUS:Term, Term, Expr, 19
2, Expr => Expr:PLUS:Term, Expr, Term, 38
2, Expr => Expr:PLUS:Term, Value, Log, 2
2, Expr => Expr:PLUS:Term, Factor, Exp, 1
2, Expr => Expr:PLUS:Term, Expr, Expr, 47
2, Expr => Expr:PLUS:Term, Factor, Expr, 38
2, Expr => Expr:PLUS:Term, Value, Vector, 17
2, Expr => Expr:PLUS:Term, Factor, Value, 13
2, Expr => Expr:PLUS:Term, Term, Exp, 9
2, Expr => Expr:PLUS:Term, None, Expr, 10
2, Expr => Expr:PLUS:Term, Term, Term, 4
2, Expr => Expr:PLUS:Term, Value, Expr, 4
2, Expr => Expr:PLUS:Term, Matrix, Vector, 14
2, Expr => Expr:PLUS:Term, PostUnary, Factor, 73
2, Expr => Expr:PLUS:Term, None, None, 59
2, Term => Exp, Factor, Value, 27
2, Term => Exp, Expr, Exp, 2
2, Term => Exp, Exp, Expr, 59
2, Term => Exp, Term, Exp, 53
2, Term => Exp, Vector, Exp, 1
2, Term => Exp, Value, Expr, 29
2, Term => Exp, Exp, Term, 11
2, Term => Exp, Term, Expr, 229
2, Term => Exp, Factor, Expr, 475
2, Term => Exp, Term, Term, 199
2, Term => Exp, Log, Term, 1
2, Term => Exp, Log, Expr, 29
2, Term => Exp, Value, Vector, 4
2, Term => Exp, Factor, Exp, 2
2, Term => Exp, Matrix, Vector, 6
2, Term => Exp, Vector, Term, 2
2, Term => Exp, Value, Term, 5
2, Term => Exp, Vector, Expr, 512
2, Term => Exp, Value, Log, 5
2, Term => Exp, Exp, Exp, 5
2, Term => Exp, Expr, Term, 660
2, Term => Exp, Expr, Expr, 922
2, Term => Exp, Factor, Term, 24
2, Term => Exp, None, Expr, 267
2, Term => Exp, PostUnary, Factor, 85
2, Exp => Exp:EXP:Unary, Exp, Term, 2
2, Exp => Exp:EXP:Unary, Vector, Vector, 1
2, Exp => Exp:EXP:Unary, Factor, Value, 3
2, Exp => Exp:EXP:Unary, Expr, Term, 137
2, Exp => Exp:EXP:Unary, Expr, Expr, 1
2, Exp => Exp:EXP:Unary, Factor, Term, 5
2, Exp => Exp:EXP:Unary, Factor, Expr, 1
2, Exp => Exp:EXP:Unary, Value, Vector, 1
2, Exp => Exp:EXP:Unary, Vector, Term, 2
2, Exp => Exp:EXP:Unary, Term, Exp, 11
2, Exp => Exp:EXP:Unary, Term, Term, 37
2, Exp => Exp:EXP:Unary, Vector, Expr, 3
2, Exp => Exp:EXP:Unary, PostUnary, Factor, 5
2, Vector => Vector:COMMA:Expr, Log, Expr, 1
2, Vector => Vector:COMMA:Expr, Term, Expr, 1
2, Vector => Vector:COMMA:Expr, Matrix, Matrix, 5
2, Vector => Vector:COMMA:Expr, Value, Matrix, 167
2, Vector => Vector:COMMA:Expr, Value, Vector, 111
2, Vector => Vector:COMMA:Expr, Matrix, Vector, 120
2, Vector => Vector:COMMA:Expr, Factor, Value, 180
2, Vector => Vector:COMMA:Expr, Term, Exp, 1
2, Vector => Vector:COMMA:Expr, Expr, Vector, 1
2, Vector => Vector:COMMA:Expr, Vector, Vector, 522
2, Exp => Unary, Expr, Exp, 7
2, Exp => Unary, Factor, Value, 26
2, Exp => Unary, Term, Exp, 199
2, Exp => Unary, Vector, Exp, 5
2, Exp => Unary, Value, Exp, 3
2, Exp => Unary, Exp, Term, 67
2, Exp => Unary, Term, Expr, 4
2, Exp => Unary, Factor, Expr, 26
2, Exp => Unary, Term, Term, 1088
2, Exp => Unary, Log, Term, 6
2, Exp => Unary, Value, Vector, 5
2, Exp => Unary, Factor, Exp, 7
2, Exp => Unary, Matrix, Vector, 3
2, Exp => Unary, Vector, Term, 10
2, Exp => Unary, Value, Term, 32
2, Exp => Unary, Vector, Expr, 7
2, Exp => Unary, Value, Log, 3
2, Exp => Unary, Exp, Exp, 13
2, Exp => Unary, Expr, Term, 2835
2, Exp => Unary, Expr, Expr, 4
2, Exp => Unary, Factor, Term, 98
2, Exp => Unary, PostUnary, Factor, 81
2, Vector => Expr, Vector, Vector, 232
2, Vector => Expr, Value, Matrix, 80
2, Vector => Expr, Value, Vector, 69
2, Vector => Expr, Exp, Expr, 1
2, Vector => Expr, Matrix, Vector, 52
2, Vector => Expr, Exp, Vector, 1
2, Vector => Expr, Factor, Value, 96
2, Vector => Expr, Term, Exp, 1
2, Vector => Expr, Expr, Vector, 1
2, Factor => LPAREN:Expr:RPAREN, Unary, PostUnary, 483
2, Factor => LPAREN:Expr:RPAREN, Expr, PostUnary, 2
2, Expr => Term, Exp, Expr, 25
2, Expr => Term, Vector, Vector, 382
2, Expr => Term, Expr, Exp, 8
2, Expr => Term, Exp, Vector, 2
2, Expr => Term, Factor, Value, 26
2, Expr => Term, Term, Exp, 54
2, Expr => Term, Value, Expr, 22
2, Expr => Term, Exp, Term, 2
2, Expr => Term, Term, Expr, 88
2, Expr => Term, Factor, Expr, 186
2, Expr => Term, Term, Term, 48
2, Expr => Term, Log, Expr, 7
2, Expr => Term, Value, Vector, 93
2, Expr => Term, Factor, Exp, 3
2, Expr => Term, Matrix, Vector, 75
2, Expr => Term, Vector, Term, 2
2, Expr => Term, Value, Term, 6
2, Expr => Term, Vector, Expr, 193
2, Expr => Term, Value, Log, 39
2, Expr => Term, Exp, Exp, 1
2, Expr => Term, Expr, Term, 182
2, Expr => Term, Expr, Expr, 293
2, Expr => Term, Factor, Term, 4
2, Expr => Term, None, Expr, 92
2, Expr => Term, PostUnary, Factor, 480
2, Expr => Term, None, None, 278
2, Unary => PostUnary, Vector, Expr, 2
2, Unary => PostUnary, Vector, Vector, 2
2, Unary => PostUnary, Value, Log, 1
2, Unary => PostUnary, Exp, Exp, 249
2, Unary => PostUnary, Expr, Term, 11
2, Unary => PostUnary, Factor, Exp, 84
2, Unary => PostUnary, Expr, Exp, 44
2, Unary => PostUnary, Expr, Expr, 1
2, Unary => PostUnary, Factor, Term, 2
2, Unary => PostUnary, Factor, Expr, 4
2, Unary => PostUnary, Value, Vector, 1
2, Unary => PostUnary, Factor, Value, 7
2, Unary => PostUnary, Term, Exp, 4249
2, Unary => PostUnary, Vector, Exp, 10
2, Unary => PostUnary, Log, Exp, 2
2, Unary => PostUnary, Matrix, Vector, 1
2, Unary => PostUnary, PostUnary, Factor, 11
2, Unary => PostUnary, Value, Exp, 27
2, Value => LSQUARE:Matrix:RSQUARE, PostUnary, Factor, 252
2, Term => Term:STAR:Exp, Log, Expr, 6
2, Term => Term:STAR:Exp, Vector, Expr, 56
2, Term => Term:STAR:Exp, Value, Log, 1
2, Term => Term:STAR:Exp, Term, Expr, 25
2, Term => Term:STAR:Exp, Expr, Term, 51
2, Term => Term:STAR:Exp, Factor, Value, 1
2, Term => Term:STAR:Exp, Expr, Expr, 89
2, Term => Term:STAR:Exp, Factor, Term, 2
2, Term => Term:STAR:Exp, Factor, Expr, 45
2, Term => Term:STAR:Exp, Exp, Expr, 6
2, Term => Term:STAR:Exp, Term, Exp, 2
2, Term => Term:STAR:Exp, None, Expr, 24
2, Term => Term:STAR:Exp, Term, Term, 17
2, Term => Term:STAR:Exp, Value, Expr, 3
2, Term => Term:STAR:Exp, Value, Term, 1
2, Term => Term:STAR:Exp, PostUnary, Factor, 8
2, Term => Term:STAR:Exp, Matrix, Vector, 1
2, PostUnary => Factor, Term, Unary, 13
2, PostUnary => Factor, Term, Expr, 1
2, PostUnary => Factor, Factor, Unary, 11
2, PostUnary => Factor, Value, Unary, 7
2, PostUnary => Factor, Value, Log, 2
2, PostUnary => Factor, Log, Unary, 1
2, PostUnary => Factor, Expr, Term, 7
2, PostUnary => Factor, Exp, Unary, 4665
2, PostUnary => Factor, Factor, Value, 3
2, PostUnary => Factor, Expr, Expr, 3
2, PostUnary => Factor, Vector, Unary, 4
2, PostUnary => Factor, Expr, Unary, 7
2, PostUnary => Factor, Term, Exp, 2
2, PostUnary => Factor, None, Expr, 1
2, PostUnary => Factor, Term, Term, 2
2, PostUnary => Factor, Vector, Expr, 2
2, PostUnary => Factor, Factor, Expr, 1
2, PostUnary => Factor, PostUnary, Factor, 2
2, PostUnary => Factor, None, None, 3
2, PostUnary => Factor, Vector, Vector, 1
2, Term => Term:SLASH:Exp, Vector, Term, 3
2, Term => Term:SLASH:Exp, Vector, Expr, 91
2, Term => Term:SLASH:Exp, Term, Expr, 35
2, Term => Term:SLASH:Exp, Log, Expr, 9
2, Term => Term:SLASH:Exp, Expr, Term, 102
2, Term => Term:SLASH:Exp, Exp, Exp, 1
2, Term => Term:SLASH:Exp, Expr, Exp, 1
2, Term => Term:SLASH:Exp, Expr, Expr, 141
2, Term => Term:SLASH:Exp, Factor, Term, 5
2, Term => Term:SLASH:Exp, Factor, Expr, 65
2, Term => Term:SLASH:Exp, Exp, Vector, 1
2, Term => Term:SLASH:Exp, Value, Vector, 1
2, Term => Term:SLASH:Exp, Exp, Expr, 12
2, Term => Term:SLASH:Exp, Exp, Term, 1
2, Term => Term:SLASH:Exp, Term, Exp, 5
2, Term => Term:SLASH:Exp, None, Expr, 47
2, Term => Term:SLASH:Exp, Term, Term, 29
2, Term => Term:SLASH:Exp, Factor, Value, 3
2, Term => Term:SLASH:Exp, Value, Expr, 8
2, Term => Term:SLASH:Exp, Matrix, Vector, 2
2, Term => Term:SLASH:Exp, PostUnary, Factor, 15
2, Factor => Value, Expr, PostUnary, 6
2, Factor => Value, None, PostUnary, 3
2, Factor => Value, Vector, PostUnary, 1
2, Factor => Value, Exp, PostUnary, 2
2, Factor => Value, Log, PostUnary, 2
2, Factor => Value, Factor, PostUnary, 2
2, Factor => Value, Value, PostUnary, 3
2, Factor => Value, Unary, PostUnary, 4225
2, Factor => Value, Term, PostUnary, 9
2, Value => Log, PostUnary, Factor, 32
2, Atom => NUMBER, Factor, Value, 3693
2, Expr => Expr:DASH:Term, Vector, Vector, 74
2, Expr => Expr:DASH:Term, Factor, Value, 13
2, Expr => Expr:DASH:Term, Exp, Expr, 5
2, Expr => Expr:DASH:Term, Term, Exp, 13
2, Expr => Expr:DASH:Term, Value, Expr, 6
2, Expr => Expr:DASH:Term, Exp, Term, 2
2, Expr => Expr:DASH:Term, Term, Expr, 21
2, Expr => Expr:DASH:Term, Factor, Expr, 29
2, Expr => Expr:DASH:Term, Term, Term, 12
2, Expr => Expr:DASH:Term, Log, Expr, 1
2, Expr => Expr:DASH:Term, Value, Vector, 16
2, Expr => Expr:DASH:Term, Factor, Exp, 2
2, Expr => Expr:DASH:Term, Matrix, Vector, 21
2, Expr => Expr:DASH:Term, Vector, Expr, 51
2, Expr => Expr:DASH:Term, Value, Log, 6
2, Expr => Expr:DASH:Term, Exp, Exp, 3
2, Expr => Expr:DASH:Term, Expr, Term, 44
2, Expr => Expr:DASH:Term, Expr, Expr, 59
2, Expr => Expr:DASH:Term, None, Expr, 20
2, Expr => Expr:DASH:Term, Expr, Vector, 1
2, Expr => Expr:DASH:Term, PostUnary, Factor, 122
2, Expr => Expr:DASH:Term, None, None, 63
2, Value => Atom, PostUnary, Factor, 3693
2, Value => LANGLE:Vector:RANGLE, PostUnary, Factor, 276
2, Matrix => Matrix:SEMI:Vector, Factor, Value, 5
2, Unary => DASH:PostUnary, Log, Exp, 1
2, Unary => DASH:PostUnary, Factor, Exp, 1
2, Unary => DASH:PostUnary, Term, Exp, 26
2, Unary => DASH:PostUnary, Expr, Exp, 1
2, Unary => DASH:PostUnary, Value, Exp, 1

